1	0
2	69
3	71
4	7
5	43
6	75
7	3
8	2
9	35
10	9
11	39
12	4
13	66
14	25
15	67
16	50
17	30
18	45
19	20
20	54
21	18
22	40
23	46
24	16
25	11
26	22
27	12
28	13
29	23
30	60
31	14
32	15
33	10
34	48
35	17
36	45
37	19
38	37
39	20
40	27
41	21
42	100
43	99
44	24
45	10
46	0
47	1
48	25
49	77
50	5
51	34
52	31
53	5
54	6
55	90
56	8
57	70
58	89
59	61
60	48
61	23
62	92
63	21
64	20
65	20
66	36
67	19
68	18
69	17
70	16
71	48
72	15
73	14
74	32
75	29
76	13
77	12
78	22
79	11
80	10
81	42
82	98
83	9
84	38
85	28
86	8
87	15
88	7
89	6
90	5
91	40
92	5
93	4
94	44
95	3
96	2
97	1
98	0
99	10
100	24
101	35
102	25
103	46
104	45
105	45
106	44
107	43
108	41
109	42
110	35
111	41
112	47
113	40
114	40
115	39
116	38
117	43
118	37
119	33
120	26
121	30
122	47
123	92
124	36
125	35
126	34
127	33
128	90
129	32
130	39
131	31
132	30
133	30
134	44
135	29
136	28
137	44
138	27
139	26
140	25
141	15
142	25
