1	6
2	5
3	4
4	3
5	4
6	4
7	4
8	3
9	4
10	4
11	3
12	4
13	4
14	4
15	4
16	5
17	5
18	5
19	6
20	5
21	5
22	6
23	5
24	4
25	4
26	5
27	5
28	4
29	4
30	5
31	7
32	8
33	7
34	5
35	5
36	3
37	3
38	3
39	2
40	1
41	2
42	1
43	0
44	1
45	2
46	1
47	1
48	3
49	3
50	2
51	2
52	3
53	2
54	2
55	3
56	3
57	4
58	4
59	5
60	6
61	4
62	5
63	5
64	4
65	3
66	3
67	3
68	1
69	2
70	2
71	1
72	1
73	2
74	2
75	2
76	2
77	0
78	1
79	1
80	0
81	0
82	0
83	0
84	0
85	0
86	0
87	1
88	1
89	1
90	1
91	1
92	1
93	2
94	3
95	3
96	3
97	4
98	5
99	6
100	6
101	5
102	4
103	5
104	4
105	2
106	3
107	3
108	2
109	2
110	3
111	2
112	1
113	2
114	3
115	3
116	4
117	5
118	6
119	8
120	10
121	11
122	13
123	14
124	15
125	14
126	17
127	15
128	13
129	13
130	9
131	10
132	9
133	11
134	9
135	11
136	11
137	12
138	11
139	11
140	11
141	11
142	12
143	12
144	14
145	14
146	13
147	14
148	15
149	14
150	16
151	15
152	16
153	17
154	19
155	18
156	19
157	19
158	18
159	20
160	19
161	20
162	21
163	19
164	19
165	19
166	18
167	17
168	16
169	16
170	16
171	15
172	17
173	18
174	20
175	24
176	31
177	31
178	36
179	42
180	41
181	50
182	47
183	44
184	36
185	31
186	29
187	25
188	20
189	20
190	18
191	15
192	15
193	15
194	13
195	14
196	15
197	13
198	12
199	11
200	12
201	10
202	11
203	12
204	12
205	11
206	13
207	13
208	12
209	14
210	15
211	15
212	18
213	22
214	21
215	20
216	27
217	35
218	30
219	31
220	23
221	23
222	23
223	19
224	20
225	20
226	20
227	19
228	18
229	17
230	19
231	21
232	19
233	19
234	23
235	22
236	20
237	23
238	24
239	21
240	21
241	20
242	18
243	15
244	14
245	16
246	18
247	15
248	16
249	20
250	19
251	16
252	19
253	22
254	20
255	18
256	22
257	23
258	20
259	19
260	21
261	21
262	22
263	21
264	22
265	25
266	29
267	25
268	27
269	37
270	35
271	29
272	38
273	44
274	54
275	57
276	54
277	63
278	62
279	70
280	63
281	72
282	69
283	80
284	88
285	88
286	93
287	94
288	90
289	89
290	86
291	84
292	84
293	82
294	84
295	83
296	84
297	86
298	84
299	84
300	83
301	83
302	79
303	79
304	76
305	77
306	80
307	79
308	82
309	89
310	90
311	96
312	95
313	99
314	99
315	99
316	98
317	99
318	99
319	100
320	95
321	91
322	83
323	73
324	65
325	54
326	52
327	39
328	35
329	25
330	26
331	20
332	16
333	18
334	20
335	24
336	28
337	31
338	32
339	31
340	29
341	25
342	21
343	17
344	14
345	12
346	11
347	10
348	9
349	9
350	9
351	10
352	10
353	12
354	14
355	17
356	18
357	22
358	26
359	27
360	33
361	31
362	35
363	42
364	38
365	38
366	39
367	32
368	29
369	29
370	25
371	23
372	21
373	21
374	20
375	20
376	20
377	20
378	19
379	19
380	20
381	22
382	23
383	25
384	26
385	27
386	28
387	30
388	30
389	29
390	30
391	30
392	28
393	27
394	25
395	23
396	21
397	17
398	17
399	17
400	17
401	21
402	23
403	22
404	24
405	27
406	27
407	26
408	27
409	28
410	26
411	24
412	25
413	24
414	20
415	20
416	20
417	17
418	16
419	17
420	16
421	15
422	15
423	16
424	18
425	18
426	17
427	17
428	16
429	17
430	17
431	18
432	18
433	19
434	20
435	21
436	21
437	22
438	25
439	24
440	24
441	25
442	28
443	25
444	24
445	26
446	26
447	23
448	23
449	23
450	21
451	20
452	20
453	18
454	17
455	17
456	16
457	14
458	14
459	13
460	13
461	12
462	11
463	11
464	11
465	13
466	13
467	13
468	14
469	16
470	15
471	16
472	19
473	19
474	18
475	21
476	23
477	21
478	21
479	23
480	23
481	21
482	20
483	22
484	20
485	18
486	18
487	18
488	18
489	17
490	19
491	19
492	19
493	20
494	20
495	19
496	20
497	21
498	21
499	19
500	21
501	21
502	21
503	20
504	20
505	21
506	22
507	20
508	20
509	22
510	22
511	19
512	21
513	19
514	19
515	22
516	23
517	21
518	21
519	23
520	21
521	21
522	22
523	23
524	21
525	21
526	23
527	22
528	22
529	23
530	23
531	22
532	21
533	22
534	23
535	24
536	23
537	25
538	27
539	26
540	25
541	29
542	31
543	28
544	29
545	33
546	32
547	30
548	33
549	37
550	33
551	34
552	40
553	38
554	37
555	40
556	45
557	42
558	41
559	47
560	49
561	45
562	48
563	52
564	57
565	60
566	59
567	59
568	61
569	61
570	55
571	54
572	56
573	54
574	49
575	48
576	50
577	45
578	42
579	42
580	39
581	34
582	35
583	33
584	28
585	29
586	31
587	33
588	37
589	39
590	41
591	44
592	47
593	49
594	51
595	54
596	58
597	60
598	62
599	65
600	66
601	68
602	70
603	70
604	71
605	72
606	71
607	71
608	71
609	72
610	69
611	68
612	69
613	68
614	64
615	63
616	64
617	60
618	55
619	56
620	57
621	51
622	48
623	50
624	49
625	44
626	42
627	38
628	40
629	38
630	40
631	44
632	43
633	43
634	47
635	48
636	48
637	50
638	54
639	53
640	55
641	59
642	59
643	58
644	61
645	63
646	60
647	58
648	57
649	59
650	61
651	59
652	61
653	64
654	64
655	66
656	68
657	69
658	67
659	66
660	69
661	67
662	65
663	69
664	68
665	65
666	67
667	67
668	62
669	62
670	60
671	57
672	55
673	53
674	51
675	48
676	48
677	47
678	47
679	44
680	43
681	43
682	41
683	40
684	41
685	42
686	45
687	43
688	44
689	47
690	47
691	45
692	47
693	51
694	49
695	47
696	53
697	56
698	49
699	51
700	57
701	55
702	57
703	60
704	62
705	63
706	61
707	65
708	66
709	60
710	60
711	65
712	61
713	54
714	57
715	61
716	53
717	49
718	52
719	50
720	44
721	44
722	45
723	41
724	38
725	39
726	37
727	36
728	35
729	35
730	36
731	37
732	39
733	39
734	37
735	36
736	39
737	37
738	34
739	36
740	36
741	33
742	33
743	34
744	37
745	37
746	41
747	43
748	44
749	40
750	42
751	40
752	39
753	36
754	38
755	38
756	34
757	35
758	37
759	36
760	34
761	38
762	39
763	37
764	40
765	43
766	40
767	41
768	38
769	38
770	36
771	36
772	38
773	38
774	35
775	35
776	39
777	37
778	35
779	37
780	40
781	38
782	38
783	41
784	42
785	40
786	42
787	45
788	48
789	47
790	49
791	52
792	52
793	53
794	51
795	49
796	46
797	45
798	43
799	45
800	46
801	43
802	43
803	45
804	45
805	43
806	45
807	47
808	48
809	47
810	51
811	52
812	55
813	56
814	60
815	61
816	62
817	63
818	65
819	65
820	65
821	64
822	65
823	64
824	65
825	64
826	65
827	65
828	65
829	65
830	65
831	66
832	66
833	67
834	67
835	67
836	67
837	67
838	68
839	67
840	67
841	67
842	67
843	68
844	68
845	68
846	68
847	69
848	69
849	69
850	69
851	69
852	69
853	69
854	69
855	68
856	68
857	67
858	66
859	66
860	66
861	65
862	65
863	65
864	65
865	65
866	64
867	65
868	65
869	64
870	64
871	65
872	64
873	66
874	64
875	62
876	64
877	65
878	60
879	61
880	63
881	59
882	56
883	60
884	60
885	55
886	56
887	57
888	60
889	60
890	62
891	64
892	65
893	63
894	66
895	67
896	63
897	64
898	68
899	67
900	63
901	65
902	67
903	64
904	63
905	65
906	65
907	63
908	63
909	65
910	64
911	63
912	62
913	61
914	59
915	56
916	55
917	53
918	49
919	46
920	46
921	41
922	45
923	49
924	45
925	43
926	49
927	49
928	45
929	48
930	53
931	50
932	49
933	53
934	55
935	52
936	54
937	58
938	56
939	60
940	59
941	54
942	55
943	58
944	54
945	52
946	57
947	56
948	51
949	54
950	57
951	52
952	47
953	50
954	55
955	53
956	54
957	58
958	61
959	62
960	63
961	66
962	66
963	64
964	64
965	65
966	67
967	65
968	66
969	64
970	66
971	66
972	65
973	64
974	64
975	64
976	62
977	59
978	55
979	53
980	50
981	46
982	46
983	48
984	44
985	42
986	44
987	47
988	50
989	53
990	56
991	57
992	58
993	58
994	55
995	57
996	55
997	52
998	51
999	53
1000	57
1001	55
1002	50
1003	47
1004	44
1005	39
1006	36
1007	31
1008	31
1009	28
1010	25
1011	25
1012	25
1013	22
1014	21
1015	19
1016	19
1017	23
1018	22
1019	19
1020	22
1021	24
1022	22
1023	21
1024	25
1025	26
1026	24
1027	25
1028	30
1029	30
1030	28
1031	30
1032	27
1033	23
1034	22
1035	25
1036	23
1037	19
1038	20
1039	21
1040	18
1041	16
1042	18
1043	19
1044	23
1045	24
1046	25
1047	29
1048	28
1049	26
1050	25
1051	22
1052	22
1053	22
1054	20
1055	18
1056	16
1057	14
1058	14
1059	15
1060	16
1061	14
1062	14
1063	17
1064	15
1065	14
1066	16
1067	17
1068	16
1069	16
1070	15
1071	13
1072	12
1073	12
1074	11
1075	10
1076	9
1077	9
1078	8
1079	8
1080	8
1081	8
1082	7
1083	7
1084	7
1085	7
1086	7
1087	8
1088	8
1089	8
1090	9
1091	9
1092	10
1093	12
1094	12
1095	13
1096	16
1097	18
1098	17
1099	19
1100	21
1101	20
1102	19
1103	20
1104	21
1105	20
1106	17
1107	15
1108	14
1109	15
1110	15
1111	17
1112	17
1113	16
1114	16
1115	16
1116	15
1117	14
1118	13
1119	14
1120	12
1121	10
1122	10
1123	10
1124	9
1125	8
1126	9
1127	9
1128	8
1129	9
1130	11
1131	12
1132	11
1133	13
1134	11
1135	10
1136	9
1137	9
1138	8
1139	8
1140	10
1141	9
1142	8
1143	10
1144	12
1145	10
1146	11
1147	13
1148	15
1149	13
1150	14
1151	17
1152	18
1153	16
1154	16
1155	18
1156	19
1157	17
1158	17
1159	15
1160	14
1161	14
1162	13
1163	13
1164	12
1165	13
1166	15
1167	13
1168	12
1169	14
1170	16
1171	15
1172	15
1173	17
1174	18
1175	16
1176	18
1177	17
1178	18
1179	17
1180	16
1181	16
1182	20
1183	20
1184	18
1185	21
1186	23
1187	23
1188	24
1189	28
1190	24
1191	20
1192	22
1193	20
1194	16
1195	16
1196	12
1197	10
1198	11
1199	10
1200	11
1201	14
1202	12
1203	11
1204	14
1205	16
1206	14
1207	14
1208	18
1209	18
1210	17
1211	18
1212	21
1213	20
1214	18
1215	20
1216	22
1217	19
1218	18
1219	20
1220	20
1221	17
1222	17
1223	18
1224	15
1225	14
1226	12
1227	12
1228	13
1229	14
1230	14
1231	16
1232	17
1233	17
1234	19
1235	21
1236	22
1237	22
1238	25
1239	28
1240	26
1241	26
1242	31
1243	33
1244	29
1245	32
1246	38
1247	36
1248	33
1249	42
1250	45
1251	52
1252	55
1253	52
1254	52
1255	59
1256	48
1257	41
1258	40
1259	29
1260	31
1261	23
1262	27
1263	36
1264	34
1265	28
1266	32
1267	40
1268	35
1269	30
1270	36
1271	40
1272	32
1273	30
1274	36
1275	34
1276	28
1277	28
1278	28
1279	28
1280	31
1281	28
1282	25
1283	28
1284	27
1285	30
1286	34
1287	35
1288	35
1289	41
1290	43
1291	40
1292	44
1293	50
1294	48
1295	48
1296	57
1297	61
1298	57
1299	59
1300	69
1301	69
1302	63
1303	72
1304	79
1305	72
1306	69
1307	79
1308	87
1309	86
1310	81
1311	87
1312	80
1313	77
1314	80
1315	70
1316	57
1317	47
1318	44
1319	49
1320	53
1321	43
1322	49
1323	62
1324	59
1325	50
1326	57
1327	65
1328	57
1329	50
1330	58
1331	58
1332	47
1333	47
1334	51
1335	44
1336	39
1337	44
1338	43
1339	35
1340	36
1341	41
1342	38
1343	45
1344	50
1345	55
1346	55
1347	60
1348	66
1349	64
1350	68
1351	77
1352	82
1353	82
1354	88
1355	85
1356	87
1357	84
1358	86
1359	84
1360	84
1361	87
1362	84
1363	87
1364	88
1365	85
1366	89
1367	81
1368	82
1369	90
1370	88
1371	85
1372	93
1373	96
1374	90
1375	94
1376	94
1377	85
1378	75
1379	68
1380	72
1381	67
1382	75
1383	85
1384	78
1385	73
1386	81
1387	84
1388	74
1389	70
1390	76
1391	71
1392	61
1393	63
1394	65
1395	57
1396	56
1397	57
1398	60
1399	64
1400	67
1401	67
1402	72
1403	77
1404	76
1405	78
1406	85
1407	87
1408	85
1409	90
1410	92
1411	88
1412	83
1413	85
1414	84
1415	80
1416	85
1417	91
1418	88
1419	85
1420	89
1421	90
1422	85
1423	82
1424	83
1425	75
1426	74
1427	78
1428	71
1429	69
1430	70
1431	80
1432	82
1433	75
1434	79
1435	84
1436	77
1437	73
1438	75
1439	73
1440	67
1441	64
1442	65
1443	64
1444	58
1445	58
1446	57
1447	60
1448	60
1449	61
1450	61
1451	62
1452	62
1453	63
1454	63
1455	61
1456	63
1457	63
1458	64
1459	65
1460	70
1461	70
1462	70
1463	69
1464	68
1465	68
1466	66
1467	64
1468	66
1469	65
1470	66
1471	65
1472	65
1473	64
1474	64
1475	64
1476	67
1477	69
1478	68
1479	68
1480	73
1481	74
1482	72
1483	72
1484	77
1485	75
1486	76
1487	73
1488	72
1489	75
1490	73
1491	69
1492	68
1493	68
1494	64
1495	61
1496	59
1497	56
1498	47
1499	41
1500	33
1501	28
1502	27
1503	31
1504	23
1505	21
1506	27
1507	24
1508	28
1509	28
1510	29
1511	33
1512	31
1513	35
1514	33
1515	33
1516	37
1517	36
1518	34
1519	38
1520	38
1521	41
1522	43
1523	40
1524	39
1525	39
1526	40
1527	41
1528	43
1529	43
1530	45
1531	47
1532	47
1533	49
1534	48
1535	50
1536	48
1537	49
1538	49
1539	50
1540	54
1541	57
1542	64
1543	66
1544	73
1545	74
1546	77
1547	76
1548	71
1549	67
1550	65
1551	63
1552	62
1553	60
1554	60
1555	61
1556	59
1557	59
1558	59
1559	58
1560	61
1561	61
1562	64
1563	66
1564	67
1565	69
1566	70
1567	71
1568	73
1569	72
1570	71
1571	67
1572	64
1573	62
1574	58
1575	56
1576	54
1577	53
1578	52
1579	51
1580	50
1581	49
1582	48
1583	47
1584	47
1585	46
1586	46
1587	46
1588	44
1589	43
1590	41
1591	39
1592	38
1593	36
1594	33
1595	33
1596	32
1597	33
1598	31
1599	35
1600	33
1601	37
1602	42
1603	41
1604	48
1605	54
1606	52
1607	60
1608	58
1609	61
1610	56
1611	53
1612	57
1613	66
1614	63
1615	59
1616	66
1617	68
1618	64
1619	62
1620	68
1621	68
1622	64
1623	63
1624	67
1625	66
1626	63
1627	63
1628	65
1629	65
1630	67
1631	68
1632	69
1633	69
1634	70
1635	70
1636	69
1637	69
1638	70
1639	71
1640	67
1641	67
1642	64
1643	63
1644	62
1645	60
1646	58
1647	56
1648	51
1649	48
1650	42
1651	38
1652	34
1653	33
1654	30
1655	28
1656	24
1657	23
1658	21
1659	18
1660	15
1661	15
1662	14
1663	12
1664	12
1665	10
1666	11
1667	11
1668	11
1669	14
1670	16
1671	16
1672	21
1673	25
1674	23
1675	24
1676	31
1677	33
1678	30
1679	34
1680	43
1681	41
1682	39
1683	45
1684	51
1685	48
1686	48
1687	55
1688	58
1689	55
1690	58
1691	62
1692	62
1693	59
1694	62
1695	64
1696	61
1697	61
1698	63
1699	65
1700	63
1701	66
1702	66
1703	63
1704	63
1705	64
1706	63
1707	63
1708	61
1709	59
1710	58
1711	55
1712	54
1713	52
1714	50
1715	46
1716	46
1717	43
1718	39
1719	36
1720	34
1721	32
1722	27
1723	22
1724	19
1725	15
1726	14
1727	15
1728	13
1729	15
1730	15
1731	20
1732	22
1733	20
1734	22
1735	29
1736	28
1737	27
1738	33
1739	37
1740	35
1741	36
1742	44
1743	45
1744	42
1745	45
1746	53
1747	51
1748	48
1749	53
1750	56
1751	53
1752	52
1753	57
1754	59
1755	56
1756	59
1757	60
1758	58
1759	55
1760	57
1761	56
1762	52
1763	51
1764	53
1765	50
1766	45
1767	47
1768	45
1769	40
1770	39
1771	33
1772	30
1773	33
1774	29
1775	24
1776	25
1777	25
1778	22
1779	20
1780	23
1781	20
1782	17
1783	18
1784	17
1785	13
1786	14
1787	19
1788	21
1789	27
1790	28
1791	24
1792	28
1793	33
1794	31
1795	29
1796	34
1797	40
1798	35
1799	36
1800	43
1801	45
1802	42
1803	44
1804	49
1805	50
1806	48
1807	54
1808	56
1809	56
1810	58
1811	63
1812	63
1813	65
1814	69
1815	70
1816	72
1817	70
1818	66
1819	62
1820	59
1821	57
1822	54
1823	52
1824	47
1825	46
1826	48
1827	44
1828	40
1829	42
1830	45
1831	43
1832	40
1833	38
1834	35
1835	34
1836	29
1837	28
1838	31
1839	28
1840	24
1841	25
1842	26
1843	22
1844	20
1845	21
1846	20
1847	17
1848	17
1849	18
1850	17
1851	15
1852	16
1853	17
1854	19
1855	20
1856	19
1857	21
1858	20
1859	19
1860	22
1861	24
1862	22
1863	22
1864	27
1865	28
1866	26
1867	29
1868	33
1869	33
1870	32
1871	36
1872	40
1873	39
1874	39
1875	36
1876	32
1877	32
1878	32
1879	28
1880	26
1881	28
1882	26
1883	23
1884	23
1885	23
1886	26
1887	24
1888	22
1889	24
1890	25
1891	23
1892	22
1893	25
1894	25
1895	24
1896	25
1897	28
1898	27
1899	27
1900	30
1901	31
1902	29
1903	30
1904	32
1905	32
1906	30
1907	32
1908	31
1909	30
1910	33
1911	31
1912	31
1913	34
1914	32
1915	29
1916	31
1917	31
1918	27
1919	27
1920	29
1921	27
1922	24
1923	26
1924	28
1925	25
1926	25
1927	29
1928	30
1929	28
1930	29
1931	34
1932	33
1933	32
1934	36
1935	39
1936	42
1937	38
1938	39
1939	35
1940	33
1941	36
1942	35
1943	31
1944	32
1945	34
1946	31
1947	28
1948	30
1949	32
1950	35
1951	33
1952	30
1953	33
1954	36
1955	32
1956	32
1957	37
1958	37
1959	36
1960	39
1961	43
1962	42
1963	41
1964	45
1965	41
1966	38
1967	43
1968	44
1969	39
1970	39
1971	46
1972	44
1973	39
1974	43
1975	49
1976	44
1977	41
1978	47
1979	50
1980	52
1981	47
1982	49
1983	44
1984	42
1985	48
1986	47
1987	42
1988	45
1989	47
1990	42
1991	40
1992	36
1993	35
1994	34
1995	31
1996	30
1997	30
1998	29
1999	31
2000	32
2001	34
2002	36
2003	38
2004	40
2005	43
2006	44
2007	41
2008	45
2009	45
2010	44
2011	51
2012	53
2013	50
2014	55
2015	61
2016	60
2017	58
2018	65
2019	68
2020	65
2021	64
2022	66
2023	68
2024	63
2025	60
2026	63
2027	57
2028	56
2029	63
2030	63
2031	57
2032	59
2033	66
2034	63
2035	57
2036	62
2037	65
2038	58
2039	57
2040	63
2041	61
2042	57
2043	59
2044	55
2045	57
2046	64
2047	62
2048	60
2049	66
2050	69
2051	66
2052	65
2053	71
2054	71
2055	76
2056	78
2057	77
2058	79
2059	80
2060	79
2061	79
2062	78
2063	79
2064	79
2065	80
2066	79
2067	78
2068	78
2069	78
2070	77
2071	77
2072	75
2073	75
2074	75
2075	77
2076	76
2077	74
2078	76
2079	77
2080	74
2081	72
2082	75
2083	72
2084	69
2085	70
2086	72
2087	68
2088	68
2089	70
2090	70
2091	71
2092	74
2093	74
2094	75
2095	78
2096	79
2097	79
2098	81
2099	82
2100	83
2101	82
2102	81
2103	82
2104	82
2105	80
2106	79
2107	79
2108	78
2109	76
2110	75
2111	76
2112	76
2113	75
2114	75
2115	73
2116	73
2117	72
2118	74
2119	74
2120	76
2121	74
2122	73
2123	74
2124	74
2125	73
2126	72
2127	74
2128	74
2129	72
2130	73
2131	74
2132	74
2133	75
2134	75
2135	77
2136	78
2137	77
2138	77
2139	78
2140	79
2141	78
2142	78
2143	77
2144	76
2145	76
2146	75
2147	75
2148	75
2149	75
2150	75
2151	77
2152	77
2153	76
2154	78
2155	77
2156	79
2157	77
2158	75
2159	77
2160	78
2161	75
2162	74
2163	76
2164	75
2165	74
2166	74
2167	75
2168	74
2169	74
2170	75
2171	76
2172	75
2173	76
2174	77
2175	77
2176	77
2177	78
2178	79
2179	78
2180	77
2181	79
2182	78
2183	79
2184	78
2185	77
2186	80
2187	81
2188	79
2189	80
2190	83
2191	83
2192	82
2193	84
2194	85
2195	84
2196	85
2197	85
2198	85
2199	85
2200	84
2201	84
2202	83
2203	83
2204	82
2205	82
2206	81
2207	80
2208	79
2209	82
2210	82
2211	80
2212	81
2213	83
2214	82
2215	79
2216	81
2217	83
2218	80
2219	79
2220	81
2221	81
2222	79
2223	80
2224	81
2225	80
2226	80
